amp_fraction,amp_consistency,period_consistency,monotonicity,period,time_peak,time_trough,volt_peak,volt_trough,time_decay,time_rise,volt_decay,volt_rise,volt_amp,time_rdsym,time_ptsym,band_amp,sample_peak,sample_last_zerox_decay,sample_zerox_decay,sample_zerox_rise,sample_last_trough,sample_next_trough,is_burst
0.422680412371134,,,0.9285714285714286,22,11,6,2.0152734492065743,0.8428664777237513,15,7,2.2829370286569377,1.172406971482823,1.7276720000698802,0.3181818181818182,0.6470588235294118,0.7949396504041356,30,20,37,26,23,45,False
0.7371134020618557,0.5505278101890697,0.8260869565217391,0.9615384615384616,23,13,13,2.029369328401465,-0.2676635794503635,10,13,2.1812026482985947,2.2970329078518286,2.2391177780752116,0.5652173913043478,0.5,0.9347470578747324,58,37,63,50,45,68,False
0.27319587628865977,0.0900210694301724,0.59375,0.6928571428571428,19,11,9,1.0489793976492956,-0.15183331989712937,5,14,0.1081972441546718,1.200812717546425,0.6545049808505483,0.7368421052631579,0.55,0.5716543171787377,82,63,83,72,68,87,False
0.4020618556701031,0.0900210694301724,0.53125,0.9473684210526316,32,11,18,2.1426923822838773,0.9407821534946238,13,19,2.193393064363695,1.2019102287892536,1.6976516465764744,0.59375,0.3793103448275862,0.528513473981818,106,83,112,101,87,119,True
0.31443298969072164,0.30858787692265427,0.53125,0.8636363636363636,17,11,10,1.0939720107194721,-0.050700682079818024,11,6,0.37016131288311394,1.14467269279929,0.757417002841202,0.35294117647058826,0.5238095238095238,0.5464252556192567,125,112,133,122,119,136,True
0.4381443298969072,0.30858787692265427,0.53125,0.825,32,11,18,1.9233436042307746,0.7238106978363582,12,20,2.302744737862822,1.1995329063944165,1.7511388221286193,0.625,0.3793103448275862,0.7089137083549688,156,133,162,151,136,168,True
0.6701030927835051,0.8742586131255851,0.8125,0.9615384615384616,26,14,12,1.9158838300088874,-0.3794011336320475,13,13,2.0895881651413304,2.2952849636409347,2.1924365643911328,0.5,0.5384615384615384,1.0767060790386496,181,162,188,174,168,194,True
0.8917525773195877,0.8742586131255851,0.9615384615384616,1.0,25,12,12,2.216421577005601,-0.173704335132443,12,13,2.2926482850605088,2.390125912138044,2.3413870985992764,0.52,0.5,1.1269768106565297,207,188,212,200,194,219,True
0.5670103092783505,0.7056722816559627,0.96,1.0,25,12,13,2.4098025064521527,-0.07622670805490764,12,13,1.7543219080645782,2.4860292145070604,2.1201755612858193,0.52,0.48,1.074312394172134,232,212,237,225,219,244,True
0.6907216494845361,0.7177460605599891,0.9230769230769231,1.0,24,12,13,3.0996903328107037,0.6554805983875746,12,12,1.9640019730472629,2.4442097344231293,2.204105853735196,0.5,0.48,1.0664266929397996,256,237,262,250,244,268,True
0.8402061855670103,0.8486368256805712,0.9230769230769231,1.0,26,12,12,3.449990442367758,1.1356883597634408,13,13,2.3060787919290786,2.3143020826043172,2.310190437266698,0.5,0.5,1.0992187241520062,281,262,286,274,268,294,True
0.8195876288659794,0.8142217282665087,0.9230769230769231,1.0,24,11,14,3.2056363847431943,1.1439116504386795,12,12,2.5321416301355164,2.061724734304515,2.2969331822200156,0.5,0.44,1.1223036533593478,306,286,311,300,294,318,True
0.9432989690721649,0.8235196480519953,0.9230769230769231,1.0,26,13,13,3.0652228887207538,0.673494754607678,13,13,2.3899047207135857,2.391728134113076,2.3908164274133306,0.5,0.5,1.1060787267577465,331,311,337,324,318,344,True
0.5463917525773195,0.8235196480519953,0.9615384615384616,1.0,25,12,13,2.6434516624870223,0.675318168007168,14,11,2.231108332959651,1.9681334944798543,2.0996209137197526,0.44,0.48,1.0428381804205573,355,337,362,350,344,369,True
0.5773195876288659,0.9085821762814149,0.96,1.0,25,12,13,2.440176746794857,0.41234332952737135,14,11,2.231865724646799,2.0278334172674857,2.129849570957142,0.44,0.48,1.0849326272241406,380,362,387,375,369,394,True
0.9845360824742269,0.6980766055474891,0.96,1.0,24,12,13,2.4721347439901553,0.20831102214805824,12,12,2.6432978680288253,2.263823721842097,2.453560794935461,0.5,0.48,1.126141951976449,406,387,412,400,394,418,True
0.4690721649484536,0.6980766055474891,0.96,1.0,25,12,13,1.6740612791258072,-0.17116312403866987,11,14,2.122162133940917,1.8452244031644771,1.9836932685526971,0.56,0.48,1.0678517233851736,432,412,437,425,418,443,True
0.5618556701030928,0.9743716689548749,0.9230769230769231,1.0,26,12,13,1.692592223136387,-0.4481008548151097,14,12,2.0936731782006532,2.1406930779514965,2.117183128076075,0.46153846153846156,0.48,1.0409426941063715,455,437,462,450,443,469,True
0.4845360824742268,0.6381520170487084,0.7741935483870968,1.0,24,12,13,1.747660890484627,-0.4010809550642662,12,12,1.8598482610442209,2.1487418455488934,2.0042950532965573,0.5,0.48,0.8857076520944904,481,462,487,475,469,493,True
0.29381443298969073,0.0847526315071282,0.7741935483870968,0.7954545454545454,31,16,11,1.0746785486303083,-0.11218737055959395,22,9,0.22699127620510862,1.1868659191899023,0.7069285976975055,0.2903225806451613,0.5925925925925926,0.3228364747220001,502,487,514,498,493,524,False
0.08762886597938144,0.044097239955377614,0.8064516129032258,0.5760869565217391,25,20,10,0.866925380412744,0.8476872724251997,23,2,0.4362655804991773,0.01923810798754433,0.2277518442433608,0.08,0.6666666666666666,0.1909302610839059,526,514,544,524,524,549,False
0.3917525773195876,0.4330590593196,0.8076923076923077,1.0,21,10,8,1.424577297472394,0.43065979991356673,14,7,2.2951084295994617,0.9939174975588273,1.6445129635791444,0.3333333333333333,0.5555555555555556,0.5423727067446681,556,544,562,552,549,570,False
0.32989690721649484,0.1919201294225127,0.8076923076923077,0.8452380952380952,26,16,12,0.4360097747087118,-0.8705311321270676,12,14,0.25075149993572987,1.3065409068357794,0.7786462033857546,0.5384615384615384,0.5714285714285714,0.37773615765149027,584,562,590,574,570,596,False
0.020618556701030927,0.31558146427047024,0.6578947368421053,0.5584415584415584,25,14,9,0.3348055630661585,0.1852582747729819,14,11,0.16814802095317746,0.1495472882931766,0.15884765462317701,0.44,0.6086956521739131,0.07274069429362089,607,590,613,599,596,621,False
0.21649484536082475,0.31558146427047024,0.6578947368421053,0.7337164750957854,38,14,25,0.6994772415902152,0.16665754211298103,9,29,0.2839858586970049,0.5328196994772342,0.4084027790871195,0.7631578947368421,0.358974358974359,0.03716917641070312,650,613,652,638,621,659,False
0.23711340206185566,0.49895613206843087,0.8181818181818182,0.8409090909090908,33,11,20,0.9474332180200988,0.4154913828932103,11,22,0.5005709050804978,0.5319418351268885,0.5162563701036932,0.6666666666666666,0.3548387096774194,0.17420582371846902,681,652,683,672,659,692,False
0.4072164948453608,0.41869393423966594,0.8181818181818182,0.8571428571428572,27,11,18,1.4500986155086724,0.44686231293960094,13,14,2.396108996398323,1.0032363025690714,1.6996726494836971,0.5185185185185185,0.3793103448275862,0.7029436731667474,706,683,712,701,692,719,False
0.845360824742268,0.5932520689322814,0.7916666666666666,1.0,24,12,13,1.3562718197015282,-0.9460103808896505,12,12,2.322868972010884,2.3022822005911787,2.3125755863010315,0.5,0.48,0.9516466324366236,731,712,737,725,719,743,False
0.30927835051546393,0.05740128128253155,0.59375,0.7564102564102564,19,11,11,0.41144967119470266,-0.9665971523093558,6,13,0.07910165333645558,1.3780468235040586,0.7285742384202571,0.6842105263157895,0.5,0.6220836507550562,756,737,759,748,743,762,False
0.42783505154639173,0.06441545500274067,0.59375,0.85,32,10,18,1.5603398613232986,0.3323480178582471,12,20,2.2376968881679264,1.2279918434650514,1.732844365816489,0.625,0.35714285714285715,0.680120365147041,782,759,787,777,762,794,True
0.6752577319587629,0.9588784015405495,0.75,1.0,24,12,13,1.4768827415944104,-0.6773570268446281,11,13,2.232445560642565,2.154239768439038,2.1933426645408014,0.5416666666666666,0.48,1.066709310239714,807,787,812,800,794,818,True
0.711340206185567,0.6342054678396744,0.896551724137931,1.0,26,13,12,1.5726213981121047,-0.7555628190481547,12,14,2.1099748799334495,2.3281842171602594,2.2190795485468544,0.5384615384615384,0.52,0.9790230365599597,832,812,837,824,818,844,True
0.3247422680412371,0.15353558264608358,0.7241379310344828,0.7139423076923077,29,19,11,0.8008041240368093,-0.5373534818213449,13,16,0.20545480768771995,1.3381576058581541,0.771806206772937,0.5517241379310345,0.6333333333333333,0.5795287268990637,860,837,867,848,844,873,False
0.4329896907216495,0.17082684653077884,0.7241379310344828,1.0,21,10,10,1.7980572739106777,0.5953493163490894,13,8,2.2652890252454343,1.2027079575615884,1.7339984914035114,0.38095238095238093,0.5,0.7606582540055895,881,867,887,877,873,894,True
0.6237113402061856,0.8108531893237032,0.875,1.0,24,12,13,1.8611697871207442,-0.46723175133475636,12,12,1.981721276203003,2.3284015384555006,2.155061407329252,0.5,0.48,1.0396869930302481,906,887,912,900,894,918,True
0.7061855670103093,0.8108531893237032,0.96,1.0,25,12,13,2.323443678348567,-0.12055148908225882,12,13,1.988372345365822,2.443995167430826,2.216183756398324,0.52,0.48,1.0833513606388823,931,912,937,925,918,943,True
0.9072164948453608,0.4074425111910978,0.88,1.0,25,13,12,2.4845838150316433,0.3350713329827448,13,12,2.5602277935090094,2.1495124820488987,2.354870137778954,0.48,0.52,0.9890350209196578,955,937,962,949,943,968,True
0.26804123711340205,0.1396593540749033,0.7586206896551724,0.9444444444444444,22,13,11,0.9675016629311882,-0.07564397847736595,9,13,0.21314857473695836,1.0431456414085543,0.6281471080727563,0.5909090909090909,0.5416666666666666,0.6379649594500781,981,962,986,973,968,990,True
0.4742268041237113,0.1396593540749033,0.7586206896551724,0.96875,29,12,14,2.2805564431276966,0.7543530881942299,13,16,2.4725166281464386,1.5262033549334668,1.9993599915399527,0.5517241379310345,0.46153846153846156,0.7580873779454699,1006,986,1012,1000,990,1019,True
0.6391752577319587,0.7451453839326974,0.896551724137931,1.0,26,12,13,1.9867216613852265,-0.19196018501874207,14,12,2.1533603539437456,2.178681846403969,2.1660211001738574,0.46153846153846156,0.48,1.00774862781192,1031,1012,1037,1025,1019,1045,True
0.44329896907216493,0.7451453839326974,0.9230769230769231,1.0,24,13,12,1.4379278351263423,-0.16663869255851904,14,10,1.9572258965076688,1.6045665276848613,1.780896212096265,0.4166666666666667,0.52,1.0146796324666372,1055,1037,1062,1049,1045,1069,True
0.9896907216494846,0.7772002175500862,0.96,1.0,25,13,12,1.9990052693579456,-0.5192980613813264,13,12,2.434992641512201,2.518303330739272,2.4766479861257364,0.48,0.52,1.1363235216918766,1081,1062,1087,1074,1069,1094,True
0.8969072164948454,0.8209771838033894,1.0,1.0,25,12,13,1.7524712953834578,-0.4359873721542554,13,12,2.500356468846154,2.1884586675377133,2.344407568191934,0.48,0.48,1.1561538155088722,1106,1087,1112,1100,1094,1119,True
0.8144329896907216,0.8146191886222011,1.0,1.0,25,12,13,1.304850438835206,-0.7478851734626963,13,12,2.519871420865716,2.0527356122979024,2.286303516581809,0.48,0.48,1.1604098009090853,1131,1112,1137,1125,1119,1144,True
0.8608247422680413,0.8385523141636131,0.96,1.0,25,12,13,0.9922507449552415,-1.2150209820305098,13,12,2.4388910293260913,2.207271726985751,2.323081378155921,0.48,0.48,1.1391443231092773,1156,1137,1162,1150,1144,1169,True
0.6030927835051546,0.8385523141636131,0.9230769230769231,1.0,24,12,13,0.5984974322634201,-1.44664028437085,12,12,2.2329575739619583,2.04513771663427,2.139047645298114,0.5,0.48,1.1013096676370357,1181,1162,1187,1175,1169,1193,True
0.7422680412371134,0.7758111389331593,0.9230769230769231,1.0,26,13,12,0.896019209860925,-1.6344601416985383,13,13,1.9631740677801897,2.530479351559463,2.2468267096698264,0.5,0.52,1.0866642663994466,1206,1187,1212,1199,1193,1219,True
0.7783505154639175,0.6043400069426191,0.8620689655172413,1.0,25,11,13,1.11010479063598,-1.0671548579192647,13,12,2.3621925237616646,2.1772596485552445,2.2697260861584545,0.48,0.4583333333333333,0.9505049116131056,1231,1212,1236,1225,1219,1244,True
0.30412371134020616,0.019040958913139495,0.6551724137931034,0.6616161616161615,29,24,12,0.17547971308424284,-1.2520877331256843,11,18,0.0271822530890187,1.4275674462099273,0.727374849649473,0.6206896551724138,0.6666666666666666,0.37820586157330266,1262,1236,1272,1248,1244,1273,False
0.09278350515463918,0.17855470894965045,0.6551724137931034,0.6833333333333333,19,9,3,0.21776003823506837,0.14829745999522415,15,4,0.3890268626823589,0.06946257823984422,0.22924472046110156,0.21052631578947367,0.75,0.1852184148772258,1277,1272,1284,1275,1273,1292,False
0.37628865979381443,0.34105141181718385,0.7037037037037037,0.8461538461538461,27,11,17,0.9694024389038071,-0.17126682444729055,14,13,2.067612913951972,1.1406692633510975,1.6041410886515348,0.48148148148148145,0.39285714285714285,0.504597997972646,1305,1284,1312,1301,1292,1319,False
0.29896907216494845,0.39782756462763397,0.5357142857142857,0.7555555555555555,28,19,10,-0.06020408838939715,-1.098210475048165,10,18,0.41294755287238777,1.0380063866587679,0.7254769697655779,0.6428571428571429,0.6551724137931034,0.3270784247092106,1337,1312,1341,1322,1319,1347,False
0.13917525773195877,0.28552450418302155,0.46875,0.8035714285714286,15,5,11,-0.25084984498942414,-0.47315164126178494,7,8,0.35762831644906407,0.2223017962723608,0.28996505636071246,0.5333333333333333,0.3125,0.1693087966064617,1355,1341,1357,1352,1347,1362,False
0.4587628865979381,0.28552450418302155,0.46875,0.875,32,10,20,0.6440529215673466,-0.6084781614384882,12,20,2.617121411018926,1.252531083005835,1.9348262470123805,0.625,0.3333333333333333,0.6969280819142094,1382,1357,1387,1377,1362,1394,False
0.9484536082474226,0.8621232008651463,0.78125,1.0,25,13,12,0.5980832306603747,-1.9730684894515793,12,13,2.2166495508528445,2.571151720111954,2.3939006354823995,0.52,0.52,1.149490216311901,1407,1387,1412,1399,1394,1419,True
0.7216494845360825,0.9432970734364767,0.9230769230769231,1.0,24,12,13,0.6325748114781963,-1.6185663201924696,12,12,2.202023454595681,2.251141131670666,2.2265822931331734,0.5,0.48,1.0953393754239438,1431,1412,1437,1425,1419,1443,True
0.9123711340206185,0.7781360085894206,0.9230769230769231,1.0,26,13,12,0.5077136372411017,-1.569448643117485,13,13,2.6358949700051006,2.0771622803585865,2.3565286251818436,0.5,0.52,1.117061943087805,1456,1437,1462,1449,1443,1469,True
0.5,0.7781360085894206,0.9230769230769231,1.0,26,13,12,-0.07709654174329927,-2.1281813327639987,13,13,1.9959302067935427,2.0510847910206995,2.0235074989071213,0.5,0.52,1.083457130985022,1482,1462,1487,1474,1469,1495,True
0.5824742268041238,0.8804036734262739,0.9230769230769231,1.0,24,13,12,0.19403581269256048,-2.073026748536842,13,11,2.0010454795478356,2.267062561229402,2.1340540203886187,0.4583333333333333,0.52,1.0253796675512539,1506,1487,1512,1499,1495,1519,True
0.6134020618556701,0.8393657905635502,0.96,1.0,25,12,13,0.3452750444064559,-1.8070096668552753,12,13,2.141983229948812,2.152284711261731,2.147133970605272,0.52,0.48,1.049715338579493,1532,1512,1537,1525,1519,1544,True
0.7525773195876289,0.7460109999282124,0.6486486486486487,1.0,24,13,12,0.755198568377987,-1.7967081855423561,12,12,1.948469642192781,2.5519067539203433,2.250188198056562,0.5,0.52,0.9827853129519081,1556,1537,1562,1549,1544,1568,True
0.3556701030927835,0.15707812611365407,0.5945945945945946,0.7073529411764705,37,28,11,0.26030871228720875,-1.193271073814794,20,17,0.2283255889575887,1.4535797861020028,0.8409526875297957,0.4594594594594595,0.717948717948718,0.3459488704094268,1585,1562,1601,1573,1568,1605,False
0.06701030927835051,0.40943809477904675,0.5641025641025641,0.723529411764706,22,10,7,0.22038506160035615,0.03198312332962004,17,5,0.24347820700635348,0.1884019382707361,0.21594007263854478,0.22727272727272727,0.5882352941176471,0.06427759096874591,1610,1601,1618,1608,1605,1627,False
0.2268041237113402,0.40943809477904675,0.5641025641025641,0.6820652173913043,39,21,21,0.5715711276820906,-0.023093145405997325,16,23,0.2796299302925384,0.5946642730880879,0.4371471016903131,0.5897435897435898,0.5,0.08072705735666098,1650,1618,1660,1639,1627,1666,False
0.10309278350515463,0.38396037404520983,0.6153846153846154,0.7684210526315789,24,12,9,0.429094879688123,0.2919411973895522,19,5,0.35720790886202614,0.13715368229857078,0.24718079558029846,0.20833333333333334,0.5714285714285714,0.04632879011800308,1671,1660,1681,1669,1666,1690,False
0.12371134020618557,0.451966661304416,0.8846153846153846,0.8233082706766917,26,14,14,0.24165592899279756,0.07188697082609682,19,7,0.3756227454404102,0.16976895816670073,0.2726958518035555,0.2692307692307692,0.5,0.06725765145865456,1697,1681,1709,1695,1690,1716,False
0.19072164948453607,0.28971910165698,0.8846153846153846,0.7261904761904762,23,10,11,0.05016993837188354,-0.13396681644761263,14,9,0.46808778164945836,0.18413675481949618,0.32611226823447725,0.391304347826087,0.47619047619047616,0.07217366732055627,1725,1709,1730,1720,1716,1739,False
0.02577319587628866,0.28971910165698,0.9130434782608695,0.68125,21,10,10,-0.28230387168148513,-0.4179178432775748,16,5,0.18691113168079365,0.13561397159608968,0.16126255163844166,0.23809523809523808,0.5,0.024741061349862346,1744,1730,1750,1740,1739,1760,False
0.07731958762886598,0.2513690194754214,0.696969696969697,0.8166666666666667,23,6,12,-0.38144768360491127,-0.4692150033622788,18,5,0.3491572666374239,0.08776731975736751,0.2184622931973957,0.21739130434782608,0.3333333333333333,0.0526228154088493,1765,1750,1768,1762,1760,1783,False
0.25773195876288657,0.567633344167559,0.696969696969697,0.7255639097744361,33,18,22,-0.30665949832874173,-0.7306049502423352,19,14,0.7468649547628575,0.42394545191359345,0.5854052033382255,0.42424242424242425,0.45,0.09475279086634214,1797,1768,1808,1790,1783,1816,False
0.23195876288659795,0.41650364995708006,0.65625,0.7823529411764706,32,17,15,-0.6287259750272628,-1.0535244530915993,17,15,0.5876503227107216,0.42479847806433646,0.506224400387529,0.46875,0.53125,0.26272757610568076,1831,1808,1840,1823,1816,1848,False
0.3865979381443299,0.41650364995708006,0.65625,1.0,21,11,11,0.1945364824291952,-1.2163762977379844,13,8,1.8484286548402307,1.4109127801671795,1.629670717503705,0.38095238095238093,0.5,0.5852804874845345,1856,1840,1862,1851,1848,1869,False
0.31958762886597936,0.4325546757409371,0.6666666666666666,0.7361111111111112,30,18,11,-0.6033085707214633,-1.6538921724110356,18,12,0.4737601069182461,1.0505836016895724,0.7621718543039093,0.4,0.6206896551724138,0.5359647497006803,1881,1862,1891,1873,1869,1899,False
0.39690721649484534,0.4325546757409371,0.6666666666666666,0.8809523809523809,20,10,11,0.018191952953930175,-1.0770686776397094,14,6,2.2877741263477795,1.0952606305936397,1.6915173784707096,0.3,0.47619047619047616,0.7513412803138694,1905,1891,1912,1902,1899,1919,True
0.5103092783505154,0.8500007445277251,0.8,0.9642857142857143,25,12,13,-0.3249724626869708,-2.2695821733938493,14,11,2.114113151888666,1.9446097107068785,2.0293614312977724,0.44,0.48,1.0385350736947283,1930,1912,1937,1925,1919,1944,True
0.8814432989690721,0.851406931938257,0.9230769230769231,1.0,26,13,12,0.043996296768231774,-2.439085614575637,14,12,2.1958710593145905,2.4830819113438687,2.3394764853292296,0.46153846153846156,0.52,1.1298548834963904,1956,1937,1962,1949,1944,1970,True
0.6443298969072165,0.923092598378305,0.9230769230769231,1.0,24,12,13,-0.03387086357067422,-2.151874762546359,13,11,2.230992742382199,2.1180038989756844,2.174498320678942,0.4583333333333333,0.48,1.130850378097669,1981,1962,1987,1975,1970,1994,True
0.9587628865979382,0.8171249328313671,0.96,1.0,25,12,13,0.1520041560697243,-2.2648636059528733,13,12,2.4188969637299462,2.416867762022598,2.417882362876272,0.48,0.48,1.1370618528456762,2006,1987,2012,2000,1994,2019,True
0.5051546391752577,0.7890725600626869,0.9230769230769231,0.9583333333333333,24,13,12,-0.2903517886463916,-2.2668928076602217,12,12,2.078416421901401,1.9765410190138302,2.0274787204576157,0.5,0.52,1.132793488615687,2031,2012,2037,2024,2019,2043,True
0.9742268041237113,0.7890725600626869,0.9230769230769231,1.0,26,14,12,0.2652309006825913,-2.3687682105477927,11,15,2.248729948888696,2.633999111230384,2.4413645300595403,0.5769230769230769,0.5384615384615384,1.183795750290081,2058,2037,2063,2049,2043,2069,True
0.8865979381443299,0.8568904812773221,0.9230769230769231,1.0,24,12,12,0.2930645853910795,-1.9834990482061048,12,12,2.403814895298795,2.2765636335971844,2.34018926444799,0.5,0.5,1.1451236972255279,2081,2063,2087,2075,2069,2093,True
0.7474226804123711,0.8449817094481561,0.96,1.0,25,12,13,-0.050944207373535735,-2.110750309907716,13,12,2.4376931234161345,2.0598061025341803,2.2487496129751574,0.48,0.48,1.102594469204379,2105,2087,2112,2100,2093,2118,True
0.6082474226804123,0.8492974289154648,0.9615384615384616,1.0,25,12,13,-0.4183108285874381,-2.48863733078967,12,13,2.211965599710425,2.070326502202232,2.1411460509563285,0.52,0.48,1.0943076901860047,2131,2112,2137,2125,2118,2143,True
0.7268041237113402,0.8997576515876877,0.9615384615384616,1.0,26,12,13,-0.3245590097456612,-2.6302764282978632,12,14,2.159782480952834,2.3057174185522022,2.232749949752518,0.5384615384615384,0.48,1.097661786806992,2157,2137,2162,2150,2143,2169,True
0.9536082474226805,0.8997576515876877,0.96,1.0,25,13,12,-0.08393680712426713,-2.484341490698495,13,12,2.409662728802622,2.400404683574228,2.4050337061884246,0.48,0.52,1.1167716403414092,2181,2162,2187,2174,2169,2194,True
0.865979381443299,0.9096924549709562,0.9230769230769231,1.0,24,13,12,-0.28023364427018294,-2.4935995359268888,13,11,2.4330925023747416,2.213365891656706,2.3232291970157237,0.4583333333333333,0.52,1.140052178841947,2205,2187,2212,2199,2194,2218,True
0.654639175257732,0.9256914096555919,0.9230769230769231,1.0,26,14,12,-0.4511999068487218,-2.7133261466449246,13,13,2.0940308277358506,2.2621262397962028,2.1780785337660267,0.5,0.5384615384615384,1.1041103946754691,2231,2212,2238,2224,2218,2244,True
0.5927835051546392,0.9375947264934904,0.8148148148148148,0.9642857142857143,27,12,12,-0.4385323918534194,-2.5452307345845724,14,13,2.166292246101655,2.106698342731153,2.136495294416404,0.48148148148148145,0.5,1.0817570710539615,2257,2238,2262,2250,2244,2271,True
0.7628865979381443,0.4958934437461184,0.8148148148148148,1.0,22,12,13,-0.29434636318558066,-2.6048246379550744,12,10,2.201490902040205,2.3104782747694936,2.255984588404849,0.45454545454545453,0.48,0.9457518883684731,2281,2262,2287,2275,2271,2293,True
0.25257731958762886,-0.177004569860392,0.5833333333333334,0.618421052631579,21,15,11,-1.40413236043732,-2.4958372652257856,2,19,-0.017837631761602468,1.0917049047884657,0.5369336365134316,0.9047619047619048,0.5769230769230769,0.4474600936064266,2312,2287,2313,2298,2293,2314,False
0.1134020618556701,-0.177004569860392,0.5833333333333334,0.5277777777777778,36,22,11,-1.285519749952448,-1.3862947286757175,18,18,0.4073827484168189,0.10077497872326946,0.25407886357004417,0.5,0.6666666666666666,0.051140285126910004,2332,2313,2346,2324,2314,2350,False
0.05670103092783505,0.4930058113053833,0.8055555555555556,0.6894736842105263,29,16,8,-1.4920604359742162,-1.6929024983692669,19,10,0.2041807252380481,0.20084206239505065,0.20251139381654937,0.3448275862068966,0.6666666666666666,0.03549128919054382,2360,2346,2370,2354,2350,2379,False
0.04639175257731959,0.35887460550896094,0.8157894736842105,0.6533333333333333,31,20,10,-1.594120723050011,-1.6962411612122643,25,6,0.28455743759696994,0.10212043816225336,0.19333893787961165,0.1935483870967742,0.6666666666666666,0.01963939354268549,2385,2370,2400,2380,2379,2410,False
0.20618556701030927,0.3528253534035316,0.5263157894736842,0.7827380952380952,38,24,16,-1.5547629325941676,-1.878678160646981,24,14,0.4082243235385734,0.32391522805281325,0.36606977579569333,0.3684210526315789,0.6,0.1568637365811965,2424,2400,2440,2416,2410,2448,False
0.36082474226804123,0.3528253534035316,0.5263157894736842,0.9444444444444444,20,10,12,-0.8059719804428414,-1.962987256132741,11,9,1.8498072761797786,1.1570152756898997,1.5034112759348393,0.45,0.45454545454545453,0.5416119203693165,2457,2440,2462,2452,2448,2468,False
0.27835051546391754,0.10804089057922664,0.9523809523809523,0.9375,21,13,11,-1.463888529804948,-2.65577925662262,5,16,0.128772935598503,1.191890726817672,0.6603318312080875,0.7619047619047619,0.5416666666666666,0.4294136307673585,2484,2462,2486,2473,2468,2489,False
0.13402061855670103,-0.0004014192787233775,0.75,0.6666666666666666,21,6,17,-1.0273597061037785,-1.592661465403451,3,18,-0.00022692302447913093,0.5653017592996725,0.2825374181375967,0.8571428571428571,0.2608695652173913,0.12283526900248501,2507,2486,2509,2503,2489,2510,False
0.24742268041237114,-0.000393212247952306,0.75,0.8645833333333333,28,15,9,-0.4500321824218773,-1.0271327830792993,12,16,0.47578363383292527,0.577100600657422,0.5264421172451736,0.5714285714285714,0.625,0.08515755408650416,2526,2509,2533,2518,2510,2538,False
0.17525773195876287,0.6205516000687921,0.75,0.9230769230769231,21,11,9,-0.6305675209932365,-0.9258158162548026,8,13,0.32983446817564976,0.29524829526156604,0.3125413817186079,0.6190476190476191,0.55,0.10173321992444441,2551,2533,2553,2542,2538,2559,False
0.0979381443298969,0.7406556285594551,0.5757575757575758,0.6904761904761905,19,8,8,-0.6865105895830639,-0.9604019891688863,12,7,0.21994838170358477,0.2738913995858224,0.2469198906447036,0.3684210526315789,0.5,0.04413242898551867,2566,2553,2569,2561,2559,2578,False
0.08247422680412371,0.5078602831821373,0.5757575757575758,0.75,33,16,19,-0.6094945343439694,-0.9064589712866487,11,22,0.15081644304073305,0.29696443694267927,0.22389043999170616,0.6666666666666666,0.45714285714285713,0.02264646933973359,2600,2569,2604,2588,2578,2611,False
0.17010309278350516,0.6276489930568808,0.625,0.5625,32,18,11,-0.5210212716957072,-0.7603109773847024,16,16,0.38124765328399013,0.2392897056889952,0.31026867948649267,0.5,0.6206896551724138,0.04692652183836518,2627,2604,2633,2615,2611,2643,False
0.14432989690721648,0.09360281379622572,0.625,0.8888888888888888,20,8,20,-0.45248965723244106,-0.9022689249796974,2,18,0.13530501407494888,0.4497792677472563,0.2925421409111026,0.9,0.2857142857142857,0.16410451703256285,2661,2633,2661,2653,2643,2663,False
0.4484536082474227,0.09360281379622572,0.6666666666666666,0.8947368421052632,30,11,15,0.8577282631794866,-0.5877946713073899,11,19,2.1901122262661716,1.4455229344868765,1.817817580376524,0.6333333333333333,0.4230769230769231,0.6633483562140582,2682,2661,2687,2676,2663,2693,True
0.788659793814433,0.8454775643662819,0.8333333333333334,1.0,25,13,12,0.9976737183456856,-1.332383963086685,12,13,2.2179122177216417,2.3300576814323706,2.273984949577006,0.52,0.52,1.0883154906159127,2706,2687,2712,2699,2693,2718,True
0.7731958762886598,0.7291870478195328,0.9230769230769231,1.0,26,12,13,1.4030271095512932,-1.2202384993759559,12,14,1.9128513050201699,2.623265608927249,2.2680584569737094,0.5384615384615384,0.48,1.0973509778721007,2732,2712,2737,2725,2718,2744,True
0.7835051546391752,0.8267046183287217,0.9230769230769231,1.0,24,12,13,1.804002608701177,-0.5098241954688766,12,12,2.2271973025659277,2.3138268041700534,2.2705120533679906,0.5,0.48,1.0943920832580039,2756,2737,2762,2750,2744,2768,True
0.6185567010309279,0.8701058850593879,0.96,1.0,25,13,12,1.782607564178872,-0.4231946938647507,12,13,2.0905055763514557,2.2058022580436227,2.148153917197539,0.52,0.52,1.0721963792102351,2781,2762,2787,2774,2768,2793,True
0.4948453608247423,0.8244712278909597,0.9615384615384616,1.0,26,13,12,1.5110631925602853,-0.3078980121725839,12,14,2.206215502978638,1.8189612047328692,2.0125883538557536,0.5384615384615384,0.52,1.0445870781639397,2807,2787,2812,2799,2793,2819,True
0.8711340206185567,0.8027424797847857,0.9615384615384616,1.0,25,12,13,1.487993110673113,-0.6951523104183528,13,12,2.476987332920718,2.183145421091466,2.3300663770060916,0.48,0.48,1.0962201406446923,2831,2812,2837,2825,2819,2844,True
0.5979381443298969,0.4908635430979603,1.0,1.0,25,12,13,0.999388731776675,-0.9889942222476049,13,12,2.287341545641624,1.98838295402428,2.137862249832952,0.48,0.48,0.9498766700496668,2856,2837,2862,2850,2844,2869,True
0.28865979381443296,0.2068421282785541,0.8928571428571429,0.8611111111111112,25,16,11,-0.16518023849613642,-1.287952813864949,7,18,0.2322366690620785,1.1227725753688125,0.6775046222154455,0.72,0.5925925925925926,0.4148639800037747,2887,2862,2889,2873,2869,2894,True
0.005154639175257732,-0.5376937147018822,0.7857142857142857,0.5828877005347594,28,16,12,-0.2674496823844137,-0.3974169075582149,11,17,-0.06988256009319715,0.12996722517380122,0.03004233254030203,0.6071428571428571,0.5714285714285714,0.2071611972448843,2911,2889,2917,2901,2894,2922,False
0.4536082474226804,-0.05277718843661318,0.7857142857142857,1.0,22,11,9,1.1265382755764244,-0.19756712229121653,12,10,2.4165264757216427,1.324105397867641,1.8703159367946418,0.45454545454545453,0.55,0.571118885319135,2932,2917,2937,2926,2922,2944,False
0.2422680412371134,-0.0002683904850490632,0.7333333333333333,0.71875,22,11,10,-0.2377915556386445,-1.2899882001452185,16,6,-1.9222904486526637e-05,1.052196644506574,0.5260887108010437,0.2727272727272727,0.5238095238095238,0.35332408155164713,2950,2937,2958,2947,2944,2966,False
0.12886597938144329,-0.0002683904850490632,0.7333333333333333,0.6349206349206349,30,20,9,-0.16614943416898495,-0.23777233273415796,21,9,0.4880089293742035,0.07162289856517301,0.27981591396968825,0.3,0.6896551724137931,0.2177279055936314,2975,2958,2987,2967,2966,2996,False
0.41237113402061853,0.42012648214559756,0.7333333333333333,1.0,22,10,14,0.5074178524618784,-0.6541583635431885,12,10,2.2451846573030734,1.1615762160050669,1.7033804366540701,0.45454545454545453,0.4166666666666667,0.7636145025462205,3006,2987,3011,3001,2996,3018,True
0.9639175257731959,0.8509538718937869,0.88,1.0,25,12,14,0.7362827111185899,-1.7377668048411952,11,14,2.3626484208631933,2.474049515959785,2.418348968411489,0.56,0.46153846153846156,1.0880114156375478,3032,3011,3037,3025,3018,3043,True
0.5309278350515464,0.8509538718937869,0.9615384615384616,1.0,25,12,13,0.3841391119126727,-1.6263657097446031,11,14,2.163730240393471,2.0105048216572756,2.087117531025373,0.56,0.48,1.1039628184536565,3057,3037,3062,3050,3043,3068,True
0.9329896907216495,0.8783577170231005,0.9615384615384616,1.0,26,13,12,0.6837904738653512,-1.7795911284807984,13,13,2.2914994150334667,2.4633816023461494,2.377440508689808,0.5,0.52,1.131426981196223,3081,3062,3087,3074,3068,3094,True
0.5876288659793815,0.8337365129426312,0.9615384615384616,1.0,25,12,13,0.7101641106690114,-1.6077089411681156,12,13,1.950727651707147,2.317873051837127,2.1343003517721373,0.52,0.48,1.09311416310093,3107,3087,3112,3100,3094,3119,True
0.9278350515463918,0.8337365129426312,0.96,1.0,25,13,12,1.0991776378891875,-1.2405635410381355,13,12,2.4055124317735754,2.339741178927323,2.372626805350449,0.48,0.52,1.1288371484396182,3131,3112,3137,3124,3119,3144,True
0.7938144329896907,0.9454451847564093,0.9230769230769231,1.0,24,11,13,0.9679453516076196,-1.306334793884388,12,12,2.286227810343513,2.2742801454920074,2.28025397791776,0.5,0.4583333333333333,1.1183979230382557,3156,3137,3161,3150,3144,3168,True
0.5412371134020618,0.8952295095289486,0.9230769230769231,1.0,26,13,13,0.8766508856175601,-1.3182824587358932,13,13,1.984475132063436,2.194933344353453,2.0897042382084443,0.5,0.5,1.06209125483255,3181,3161,3187,3174,3168,3194,True
0.8041237113402062,0.8952295095289486,0.9230769230769231,0.9615384615384616,26,13,12,1.1088979582406364,-1.1078242464458758,13,13,2.351953360269343,2.216722204686512,2.2843377824779276,0.5,0.52,1.103628960985886,3207,3187,3212,3199,3194,3220,True
0.8350515463917526,0.9113290944770689,0.9230769230769231,1.0,24,12,13,0.9590192785663697,-1.2430554020287068,12,12,2.416333127012314,2.2020746805950764,2.309203903803695,0.5,0.48,1.147436780639297,3232,3212,3237,3225,3220,3244,True
0.7319587628865979,0.8555274940151184,0.96,0.9615384615384616,25,12,13,0.9551084030976164,-1.4573138484459442,13,12,2.063893563369372,2.4124222515435605,2.238157907456466,0.48,0.48,1.1169950842526568,3256,3237,3262,3250,3244,3269,True
0.5515463917525774,0.8848375559696547,0.9230769230769231,1.0,26,13,12,1.0759363957425392,-1.1087851602717553,13,13,2.0210744151018023,2.1847215560142947,2.1028979855580485,0.5,0.52,1.0833614540756273,3282,3262,3287,3274,3269,3295,True
0.7010309278350515,0.8848375559696547,0.9230769230769231,1.0,24,12,13,1.3389811406677945,-0.9451380193592629,12,12,2.1399523650473906,2.2841191600270574,2.212035762537224,0.5,0.48,1.0876021485754241,3307,3287,3312,3300,3295,3319,True
0.8092783505154639,0.5433411447876315,0.72,1.0,25,12,13,1.4692935747458673,-0.800971224379596,13,12,2.298876074789294,2.270264799125463,2.2845704369573783,0.48,0.48,0.9379291489123821,3331,3312,3337,3325,3319,3344,True
0.28350515463917525,0.05874465816400671,0.72,0.75,18,3,10,0.41949145815748484,-0.8295825000434267,12,6,0.07337642269607536,1.2490739582009116,0.6612251904484935,0.3333333333333333,0.23076923076923078,0.44585655782522793,3350,3337,3350,3347,3344,3362,False
0.05154639175257732,0.4441998329317046,0.72,0.6025641025641025,25,17,14,0.5113029019488715,0.3461150354614095,13,12,0.23910687299894123,0.16518786648746203,0.20214736974320163,0.48,0.5483870967741935,0.06048510168934028,3374,3350,3381,3364,3362,3387,False
0.15979381443298968,0.25929145853396396,0.7272727272727273,0.6666666666666666,33,15,6,0.3940170652939045,0.2721960289499303,30,3,0.46982278950780476,0.12182103634397423,0.2958219129258895,0.09090909090909091,0.7142857142857143,0.1574544559614201,3390,3381,3402,3387,3387,3420,False
0.4639175257731959,0.3673172900255765,0.7272727272727273,0.9545454545454546,24,11,24,1.2032595478703263,-0.07580572421390028,13,11,2.6272951220828036,1.2790652720842266,1.953180197083515,0.4583333333333333,0.3142857142857143,0.7782081273438513,3431,3402,3437,3426,3420,3444,True
0.5721649484536082,0.7424658149778551,0.96,0.9642857142857143,25,13,12,0.5266412397920751,-1.424035574212477,11,14,2.299891964649435,1.9506768140045523,2.1252843893269935,0.56,0.52,1.0564941766786393,3458,3437,3462,3449,3444,3469,True
0.5257731958762887,0.641251722669685,0.8275862068965517,1.0,24,13,12,0.17843104296923457,-1.77325072485736,13,11,2.1843169285174295,1.9516817678265945,2.067999348172012,0.4583333333333333,0.52,0.925916468454922,3480,3462,3487,3474,3469,3493,True
0.3402061855670103,0.15396460776244233,0.3448275862068966,0.7184210526315788,29,19,11,-0.605188892279838,-2.005885885548195,10,19,0.21565776316259488,1.4006969932683568,0.8081773782154759,0.6551724137931034,0.6333333333333333,0.3837315067252957,3512,3487,3517,3498,3493,3522,False
0.010309278350515464,0.021745336758039104,0.29411764705882354,0.8888888888888888,10,5,9,-0.6990763298787572,-0.8208466554424328,1,9,0.011865209555078526,0.12177032556367562,0.06681776755937707,0.9,0.35714285714285715,0.043031488516194684,3531,3517,3531,3526,3522,3532,False
0.211340206185567,0.021745336758039104,0.29411764705882354,0.6515151515151515,34,15,12,-0.16529767624132674,-0.7109415394338358,12,22,0.21148223045027315,0.545643863192509,0.3785630468213911,0.6470588235294118,0.5555555555555556,0.05380433358777297,3554,3531,3558,3543,3532,3566,False
0.14948453608247422,0.5666793811672913,0.6470588235294118,0.7666666666666666,22,12,14,-0.0035843441238473856,-0.3767799066915999,10,12,0.21501334555588264,0.3731955625677525,0.29410445406181757,0.5454545454545454,0.46153846153846156,0.07546483493051494,3578,3558,3584,3572,3566,3588,False
0.1958762886597938,0.2687307622517283,0.6666666666666666,0.841304347826087,33,26,6,0.14462695772735823,-0.21859768967973003,10,23,0.3013825018044503,0.36322464740708826,0.3323035746057693,0.696969696969697,0.8125,0.16699211884544732,3611,3584,3616,3590,3588,3621,False
0.3711340206185567,0.2687307622517283,0.696969696969697,0.9444444444444444,23,12,10,0.9647479982755921,-0.15675554407709208,14,9,2.0151771213642866,1.1215035423526842,1.5683403318584854,0.391304347826087,0.5454545454545454,0.6901959482974308,3630,3616,3638,3626,3621,3644,True
0.6958762886597938,0.8899907450974771,0.9230769230769231,1.0,24,13,11,1.0282714868952725,-1.0504291230886944,12,12,2.335642950709892,2.078700609983967,2.2071717803469295,0.5,0.5416666666666666,1.0472150092887431,3656,3638,3662,3649,3644,3668,True
0.9175257731958762,0.9365291416053911,0.9230769230769231,1.0,26,12,12,1.055902137831504,-1.3073714638146194,13,13,2.362634994241754,2.3632736016461235,2.362954297943939,0.5,0.5,1.1670338218771037,3681,3662,3686,3674,3668,3694,True
0.6288659793814433,0.9133371850105831,0.92,1.0,25,12,14,0.905943666673838,-1.30673285641025,12,13,2.098877276647997,2.212676523084088,2.1557768998660425,0.52,0.46153846153846156,1.1188648506284973,3707,3686,3712,3700,3694,3719,True
0.4793814432989691,0.909802211638836,0.8518518518518519,1.0,23,12,13,0.7240490535622013,-1.192933609974159,11,12,2.0839008793435587,1.9169826635363603,2.0004417714399594,0.5217391304347826,0.48,1.061694339031793,3731,3712,3737,3725,3719,3742,True
0.6649484536082474,0.8892762862645375,0.8518518518518519,1.0,27,12,13,0.9306469800962485,-1.3598518257813572,13,14,2.0767532297632605,2.290498805877606,2.1836260178204334,0.5185185185185185,0.48,1.0802372040271884,3756,3737,3762,3750,3742,3769,True
0.7989690721649485,0.8892762862645375,0.9259259259259259,1.0,25,13,12,1.1892233456905754,-1.146106249667012,13,12,2.2263435005433094,2.3353295953575874,2.2808365479504484,0.48,0.52,1.103470713580963,3781,3762,3787,3774,3769,3794,True
0.6494845360824743,0.9602764288015085,0.9230769230769231,0.9642857142857143,26,14,12,1.1375020883198197,-1.037120154852734,12,14,2.1755513759357563,2.1746222431725535,2.1750868095541547,0.5384615384615384,0.5384615384615384,1.082202536057697,3808,3787,3813,3799,3794,3820,True
0.4896907216494845,0.7931230091891243,0.9230769230769231,1.0,24,13,11,1.0510814183418593,-1.0380492876159366,13,11,1.9280728050761697,2.089130705957796,2.008601755516983,0.4583333333333333,0.5416666666666666,1.058201705885906,3831,3813,3837,3824,3820,3844,True
0.9690721649484536,0.7861756910713167,0.96,1.0,25,13,12,1.5539969753955427,-0.8769913867343104,12,13,2.4294826874290023,2.4309883621298534,2.4302355247794276,0.52,0.52,1.0959116367408566,3857,3837,3862,3849,3844,3869,True
0.520618556701031,0.5078917206842415,0.76,1.0,25,13,12,1.0345145187018359,-0.8754857120334597,12,13,2.164393807883367,1.9100002307352955,2.037197019309331,0.52,0.52,0.9020134998643461,3882,3862,3887,3874,3869,3894,True
0.26288659793814434,0.09203376121970124,0.6333333333333333,0.717948717948718,19,11,11,-0.030601593857330446,-1.1298792891815312,6,13,0.10920410176971854,1.0992776953242007,0.6042408985469596,0.6842105263157895,0.5,0.543721506187431,3907,3887,3909,3898,3894,3913,False
0.4175257731958763,0.09203376121970124,0.6333333333333333,0.7647058823529411,30,11,17,1.0467599768225273,-0.13980569562704898,13,17,2.2633740289147344,1.1865656724495763,1.7249698506821554,0.5666666666666667,0.39285714285714285,0.7021646080978428,3930,3909,3937,3926,3913,3943,False
0.9381443298969072,0.9167923999743235,0.8666666666666667,1.0,26,12,12,1.2381827124355573,-1.2166140520922069,13,13,2.308527262916745,2.454796764527764,2.381662013722255,0.5,0.5,1.1279471137103174,3956,3937,3961,3949,3943,3969,True
0.979381443298969,0.8207547756209755,0.9230769230769231,1.0,24,12,14,1.4477034426974205,-1.0703445504811875,11,13,2.3701465286522962,2.518047993178608,2.444097260915452,0.5416666666666666,0.46153846153846156,1.1404244520194604,3982,3961,3987,3975,3969,3993,True
0.5154639175257731,0.5250923843591538,0.8333333333333334,1.0,25,13,12,1.0228659963579738,-0.9224430859548756,12,13,2.1222295324059908,1.9453090823128494,2.03376930735942,0.52,0.52,0.9155773339148935,4006,3987,4012,3999,3993,4018,True
0.35051546391752575,0.4782885489789363,0.7,0.8478260869565217,30,15,10,0.015003029280456765,-1.099363536048017,23,7,0.5329887675615967,1.1143665653284738,0.8236776664450353,0.23333333333333334,0.6,0.54828072928665,4025,4012,4037,4022,4018,4048,True
0.36597938144329895,0.3603045747569042,0.7,0.8571428571428572,21,11,14,0.31069834572439425,-0.51798573828114,14,7,2.299954377666849,0.8286840840055343,1.5643192308361917,0.3333333333333333,0.44,0.7747409470976382,4055,4037,4062,4051,4048,4069,True
0.5567010309278351,0.7584445858445786,0.84,1.0,25,12,13,0.35637955583474196,-1.9892560319424546,12,13,1.8656194467189409,2.3456355877771964,2.1056275172480685,0.52,0.48,1.0571428118290465,4082,4062,4087,4075,4069,4094,True
0.9020618556701031,0.5862287590181381,0.76,1.0,25,12,13,0.9505567528500948,-1.5092398908841989,12,13,2.2461635634122312,2.4597966437342937,2.3529801035732625,0.52,0.48,0.9503179469030194,4107,4087,4112,4100,4094,4119,True
0.33505154639175255,0.20909488728483755,0.6129032258064516,0.8636363636363636,19,4,11,0.021158867768774643,-1.2956068105621366,11,8,0.2753289710911445,1.3167656783309112,0.7960473247110278,0.42105263157894735,0.26666666666666666,0.5742441085788478,4127,4112,4127,4123,4119,4138,True
0.38144329896907214,0.22035249561572123,0.6129032258064516,0.9444444444444444,31,10,24,0.9953232156518717,-0.2541701033223699,13,18,1.9643480861191924,1.2494933189742414,1.606920702546717,0.5806451612903226,0.29411764705882354,0.6483415864325766,4156,4127,4161,4151,4138,4169,True
0.634020618556701,0.9298178998141537,0.7741935483870968,1.0,24,12,14,1.1391586610134214,-0.9690248704673208,12,12,2.209144494645523,2.1081835314807424,2.1586640130631327,0.5,0.46153846153846156,1.0270872955725292,4181,4161,4187,4175,4169,4193,True
0.8505154639175257,0.9298178998141537,0.9230769230769231,1.0,26,13,12,1.3059035691069436,-1.0699858336321015,12,14,2.2507471999626554,2.375889402739045,2.3133183013508503,0.5384615384615384,0.52,1.0989923968687887,4207,4187,4212,4199,4193,4219,True
0.7680412371134021,0.8859874121853433,0.9615384615384616,1.0,25,12,13,1.2297988977612462,-0.9448436308557119,13,12,2.3408017342861984,2.174642528616958,2.2577221314515783,0.48,0.48,1.0998737049440879,4231,4212,4237,4225,4219,4244,True
0.5360824742268041,0.8761892828552753,0.96,1.0,25,13,12,0.9629180344742403,-1.1110028365249522,12,13,2.1041666017755127,2.0739208709991925,2.0890437363873526,0.52,0.52,1.0927047629759499,4257,4237,4262,4249,4244,4269,True
0.7164948453608248,0.8484340638986319,0.9230769230769231,1.0,24,12,13,1.26024919459622,-1.1412485673012724,11,13,2.0375125055701586,2.4014977618974926,2.2195051337338256,0.5416666666666666,0.48,1.082754063707423,4282,4262,4287,4275,4269,4293,True
0.6804123711340206,0.906793864233178,0.9230769230769231,1.0,26,13,12,1.4696779023889934,-0.7772633109739385,12,14,2.1533167419300447,2.246941213362932,2.2001289776464885,0.5384615384615384,0.52,1.0613331312210232,4307,4287,4312,4299,4293,4319,True
0.6855670103092784,0.839019310802368,0.96,1.0,25,13,12,1.5731283899422899,-0.6836388395410514,13,12,2.1485267705865105,2.256767229483341,2.2026470000349256,0.48,0.52,1.10281938201961,4331,4312,4337,4324,4319,4344,True
0.9948453608247423,0.839019310802368,0.9230769230769231,1.0,24,12,13,1.9853612382635237,-0.5753983806442208,11,13,2.4056107891710825,2.5607596189077446,2.4831852040394136,0.5416666666666666,0.48,1.1594079218640425,4357,4337,4362,4350,4344,4368,True
0.8762886597938144,0.8885486092522517,0.9230769230769231,0.9615384615384616,26,12,13,1.8552975840687176,-0.4202495509075589,13,13,2.3994429003614397,2.2755471349762764,2.337495017668858,0.5,0.48,1.1543504187071338,4381,4362,4387,4375,4368,4394,True
0.6597938144329897,0.8885486092522517,0.9615384615384616,1.0,25,12,13,1.587876335803624,-0.544145316292722,11,14,2.2247918445278927,2.132021652096346,2.1784067483121197,0.56,0.48,1.1226406874867751,4408,4387,4412,4400,4394,4419,True
0.7577319587628866,0.8679396536857316,0.9615384615384616,1.0,26,13,12,1.4550598887390875,-0.6369155087242686,14,12,2.4102774756052687,2.091975397463356,2.2511264365343124,0.46153846153846156,0.52,1.1375595396859157,4431,4412,4437,4424,4419,4445,True
0.8247422680412371,0.9327156328666673,0.96,0.9642857142857143,25,12,13,1.3857246972349058,-0.9552175868661811,14,11,2.2673804593481695,2.3409422841010867,2.304161371724628,0.44,0.48,1.190365304492402,4456,4437,4462,4450,4445,4470,True
1.0,0.906752357985695,0.96,1.0,24,14,12,1.5492892970785277,-0.8816557621132636,14,10,2.680936021596916,2.4309450591917914,2.555940540394354,0.4166666666666667,0.5384615384615384,1.2369538075979107,4480,4462,4488,4474,4470,4494,True
0.9226804123711341,0.9153001994117202,0.96,1.0,24,11,12,1.33758276927076,-1.131646724518388,11,13,2.260086248058508,2.469229493789148,2.3646578709238284,0.5416666666666666,0.4782608695652174,1.180992194462639,4507,4488,4511,4500,4494,4518,True
0.8556701030927835,0.9209166598966898,0.96,1.0,25,13,13,1.4874754791327587,-0.9225034787877483,12,13,2.2193897723494587,2.409978957920507,2.314684365134983,0.52,0.5,1.1202996550021336,4531,4511,4537,4524,4518,4543,True
0.8298969072164949,0.5814566597626636,0.6190476190476191,1.0,26,13,12,1.4910292162705538,-0.7319142932166998,13,13,2.3858904149721343,2.2229435094872536,2.304416962229694,0.5,0.52,0.9747177337350302,4556,4537,4562,4549,4543,4569,True
0.34536082474226804,0.18158749992678883,0.5952380952380952,0.6247139588100686,42,24,11,0.4924306725478719,-0.8948611987015804,23,19,0.2519148625689447,1.3872918712494524,0.8196033669091985,0.4523809523809524,0.6857142857142857,0.26802062395800935,4588,4562,4597,4573,4569,4611,False
0.041237113402061855,0.5135953194497341,0.5952380952380952,0.6493506493506493,25,7,20,0.3698981042941602,0.2405158099789272,14,11,0.24247398329666311,0.12938229431523302,0.18592813880594805,0.44,0.25925925925925924,0.043707919422447346,4622,4597,4624,4617,4611,4636,False
0.03608247422680412,0.13195142413223174,0.8275862068965517,0.55,24,7,25,0.4412684044209516,0.1274241209974971,4,20,0.05529000346274393,0.3138442834234545,0.1845671434430992,0.8333333333333334,0.21875,0.023688446000543734,4656,4624,4656,4649,4636,4660,False
0.15463917525773196,0.13195142413223174,0.8275862068965517,0.7427536231884058,29,14,17,0.804996261707755,0.3859784009582077,6,23,0.16924345184853928,0.4190178607495473,0.2941306562990433,0.7931034482758621,0.45161290322580644,0.04084369031592482,4683,4656,4687,4673,4660,4689,False
0.11855670103092783,0.03397745483107385,0.8620689655172413,0.7896825396825397,25,16,3,0.8433587663669271,0.6357528098592157,18,7,0.33771649941251924,0.2076059565077114,0.2726612279601153,0.28,0.8421052631578947,0.052058116238491936,4696,4687,4706,4690,4689,4714,False
0.061855670103092786,0.027767255053047366,0.9259259259259259,0.8125,27,13,16,0.5171170140589051,0.5056422669544078,11,16,0.4132474413684595,0.011474747104497252,0.21236109423647836,0.5925925925925926,0.4482758620689655,0.09236160360718831,4730,4706,4735,4722,4714,4741,False
0.20103092783505155,0.4651425471499301,0.7692307692307693,0.7692307692307692,26,14,10,0.603301933689611,0.10386957269044562,13,13,0.23230724052425522,0.49943236099916544,0.36586980076171033,0.5,0.5833333333333334,0.10753465614283765,4754,4735,4759,4745,4741,4767,False
0.07216494845360824,0.6323313036068396,0.7692307692307693,0.6515151515151515,20,11,12,0.6328985348734748,0.3709946931653558,9,11,0.17438719767486466,0.261903841708119,0.21814551969149182,0.55,0.4782608695652174,0.05888261008138873,4778,4759,4782,4771,4767,4787,False
0.030927835051546393,0.2778905324878777,0.8333333333333334,0.8222222222222222,24,14,10,0.7342958771702264,0.45851133719861015,9,15,0.07663791266463682,0.2757845399716162,0.17621122631812652,0.625,0.5833333333333334,0.021855301119342335,4802,4782,4806,4792,4787,4811,False
0.18041237113402062,0.18171193374381345,0.42,0.64375,21,12,7,0.7548613509990157,0.6576579645055896,16,5,0.5349312204803697,0.09720338649342619,0.31606730348689793,0.23809523809523808,0.631578947368421,0.04689366854292338,4816,4806,4825,4813,4811,4832,False
0.22164948453608246,0.3277578605797358,0.42,0.5941558441558441,50,26,21,0.8725401492276911,0.21993013051864607,22,28,0.21389806352497798,0.652610018709045,0.4332540411170115,0.56,0.5531914893617021,0.03589372207501876,4860,4825,4872,4846,4832,4882,False
0.16494845360824742,0.5216629358520866,0.5,0.7083333333333333,26,17,11,0.8683811215569923,0.6586420857027131,18,8,0.4020585351951266,0.20973903585427922,0.3058987855247029,0.3076923076923077,0.6071428571428571,0.07045825676048059,4890,4872,4900,4883,4882,4908,False
0.015463917525773196,0.041118066918953165,0.5,0.6590909090909092,13,10,9,0.6981200557436561,0.46632258636186574,2,11,0.015143517647637106,0.23179746938179036,0.12347049351471373,0.8461538461538461,0.5263157894736842,0.04508023486193724,4919,4900,4919,4909,4908,4921,False
0.10824742268041238,0.041118066918953165,0.5416666666666666,0.7285714285714285,24,9,10,1.051270059225943,0.682976538096019,10,14,0.12909893340436152,0.368293521129924,0.24869622726714274,0.5833333333333334,0.47368421052631576,0.03562857308240138,4935,4919,4938,4929,4921,4945,False
0.18556701030927836,,,0.712171052631579,35,19,14,1.2147885685288442,0.9221711258215814,19,16,0.3539559823918085,0.29261744270726275,0.3232867125495356,0.45714285714285713,0.5757575757575758,0.0795188795197039,4961,4938,4971,4952,4945,4980,False
